COMPANY,ITEM,MRP,DISCOUNT
ZANDU,ZANDU BALM 47 MRP,47,22%
ZANDU,ZANDU BALM RED 53 MRP,53,22%
GOOD NIGHT,GOOD NIGHT REFILL 85 MRP,85,16%
GOOD NIGHT,GOOD 4 PC PACK 325MRP,325,30%
VICKS,VICKS 5 ML 25 MRP,25,30%
VICKS,VICKS 10 ML 48 MRP,48,30%
VICKS,VICKS 109,109,30%
VICKS,VICKS 199,199,30%
INDU OIL,INDU OIL 513 MRP NEW STOCK COMPANY PACK,513,41%
NIVEA,NIVEA ROLL ON 125 MRP,125,33%
NIVEA,NIVEA LOTION 200 ML 249MRP,249,31%
NIVEA,NIVEA LOTION 600 ML 760 MRP,760,57%
NIVEA,NIVEA LOTION 520 MRP,520,46%
NIVEA,NIVEA DEO 315 MRP,315,51%
NIVEA,NIVEA ROLL ON 249MRP,249,45%
NIVEA,NIVEA DARK DPOT 259 MRP F WASH,259,42%
NIVEA,NIVEA LOTION 100ML BLUE 85 MRP,85,31%
PONDS,POND LOTION 100 ML NEW PACKING 105 MRP,105,26%
PONDS,POND LOTION 415 MRP,415,0.34
PONDS,POND LITE MOSTURIZING CREAM 55 MRP.,55,29%
PONDS,LITE MOST 150,150,0.3
PONDS,POND GEL 169 MRP,169,29%
PONDS,POND LITE MOST 489 MRP,489,48%
PONDS,POND POWDER DFT 415 MRP,415,44%
PONDS,POND POWDER 100 GM,125,30%
PONDS,POND POWDER 50 GM,65,34%
PONDS,POND WB FWASH 105 MRP,105,30%
PONDS,BLACK 125 MRP,125,30%
PONDS,POND 209/240 F WASH,240,0.35
PONDS,POND F WASH 25 MRP JAR,25,17%
PONDS,POND BLCK 35 MRP F WASH,35,23%
RAGA,RAGA DTAN KIT 414,414,46.50%
LOTUS,LOTUS 99 DAY / NIGHT,99,36%
LOTUS,LOTUS 275 DAY,275,36.50%
LOTUS,LOTUS NIGHT 375,375,36.50%
LOTUS,LOTUS 460 DAY ,460,36.50%
EVERYOUTH,EVERYOUTH 15/15 SCRUB AND PEEL,15,28.50%
EVERYOUTH,CUCUMBER PACK 15 MRP,15,27%
EVERYOUTH,DTAN PACK AND SCRUB PACK 20 MRP,20,27%
EVERYOUTH,EVER 59 SCR / PEEL OFF 59 MRP,59,0.3
EVERYOUTH,PEEL OFF 110 MRP,110,28.50%
EVERYOUTH,EVER 110 MRP SCRUB,110,31.50%
EVERYOUTH,EVER 110 MRP SCRUB OFFER,110,23%
EVERYOUTH,EVER 210 MRP SCRUB,210,45%
LACTO,LACTO 165 MRP PURPLE,165,29%
KESH KING,KESH KING SHAMPOO 69 MRP,69,22%
BORO,BORO PLUS LOTION 1+1 440 MRP,440,27%
BORO,BORO PLUS 45 MRP,45,19%
BORO,BORO PLUS 90 MRP,90,19%
BORO,BORO PLUS 165 MRP OFFER,165,19%
BORO,BORO PLUS 210 MRP OFFER,210,21%
BORO,BORO PLUS 10 MRP JAR,10,16.50%
FAIR & HANDSOME,FAIR N HANDSOME F WASH 220 MRP,220,43%
MAMA EARTH,MAMA EARTH F WASH 269 MRP,269,46.50%
MAMA EARTH,MAMA F WASH 99MRP,99,46.50%
MAMA EARTH,MAMA F WASH 125MRP,125,46.50%
MAMA EARTH,MAMA SHAMPOO 199 MRP,199,47%
MAMA EARTH,MAMA EARRTH BODY LOTION 400 ML,499,54%
MAMA EARTH,MAMA EARTH BODY LOTION 100 ML 125 MRP 2 COLORS,125,45%
VEET,VEEET STRIP 120,120,18%
VEET,VEET STRIP 280 MRP,280,30%
VEET,VEET 59 MRP,59,18%
VEET,VEET 109,109,1080
VEET,VEET 159 MRP,159,26%
VEET,VEET JUMBO,280,38%
AXE,AXE SHAVING 89,89,51%
DABUR,DABUR GJLAB 135,135,33%
DABUR,GULAB JAL SPRAY 99,99,38%
VLCC,VLCC FACE WASHES 1+1,299,51%
PEARS,PEARS FACE WASH160,160,26%
PEARS,PEARS FACE WASH 175,175,26%
DOVE,DOVE BODY WASH 320 MRP THREE COLORS,320,39%
LUX,LUX BODY WASH 99,99,22%
LUX,LUX BODY WASH 109,109,22%
FLAYUVEDIC,FLAYUVEDIC 165,165,24%
AYURVEDIC,AYURVEDIC 25 GM 88 MRP,88,15%
FAIR & LOVELY,FL MEN 50 GM 175 MRP,175,23%
FAIR & LOVELY,FLF WASH 89,89,55%
FAIR & LOVELY,FL 50GM,,16%
FAIR & LOVELY,FL 80 GM,,16%
FAIR & LOVELY,FL 110 GM325 MRP,,35%
FAIR & LOVELY,FL-POUCH 14 MRP,,4620
CLINC,CLINC ALL CLEAR OIL 135 MRP,135,31%
FAIR & HANDSOME,FAIR IN HANDOSME POUCIH 10 MRP,10,25%
CHERRY,CHERRY 93 MRP POLISH,93,21%
WILD STONE,WILD STONE POWDER 100 GM OFFER,110,30%
DOVE,DOVE SHAMPOO 200,,34%
TRESSMEE,TRES 200 MLSHAMPOO,,34%
SUNSILK,SUNSILK SHAMPOO 100 ML 80,,37%
CLINIC PLUS,CP 400 ML SHAMPOO,,215
LAKME,LAKME STRAW F WASH LEMON KIWI 269 MRP,269,41%
LAKME,LAKME STRAW 130 KIWI LEMON 130,130,905
LAKME,LAKME FOUNDATION,,34.50%
LAKME,COMPACT 225 MRP,225,38%
LAKME,LAKME KAAJAL 210 MRP OLD DATE PACKING NEW 10.24 TO 10.26,210,125
LAKME,LAKME NEW KAAJAL,,136
LAKME,ELLIE KAAJAL 125 MRP,125,53%
LAKME,LAKME CC 115,115,26%
LAKME,LAKME PR 99,99,24%
LAKME,LAKME CC 399,399,51%
LAKME,LAKME PR 399,399,51%
LAKME,LAKME MM LOTION 135 MRP,135,29%
LAKME,LAKME MM LOTION 20 MRP,20,225
LAKME,LAKME MM LOTION 499 MRP,499,41%
LAKME,LAKME MM 69 CRM,69,28.50%
LAKME,LAKME MM 155 MRP,155,29%
LAKME,LAKME 710 MM CREAM,710,51%
HIMALYA,HIM KESAR LEMON ALOE VERA 189,189,28%
HIMALYA,HIM FAIRNESS 55,55,31%
HIMALYA,HIM FAIRENSS 169 1+1,169,27%
HIMALYA,HIM 100/105 MRP SOAP,105,34%
HIMALYA,HIM BABY CREAM 105 MRP,105,36%
HIMALYA,HIM BABY NOURSHING CRM 85,85,27%
HIMALYA,HIM BABY DIAPER RASH,,43%
HIMALYA,HIM BABY SOAP SET 199 (3+1),199,39%
HIMALYA,HIM NEEM 20,20,27%
HIMALYA,HIM NEEM 90 MRP,90,30%
HIMALYA,HIM NEEM 189,189,30%
HIMALYA,HIM NEEM 289,289,42%
HIMALYA,HIM NEEM 599,599,52%
OXY,OXY 55,,36%
FEM,FEM 37,,37.50%
FEM,FEM 45,,37.50%
FEM,FEM 80,,52%
OLIVIA,OLIVIA 25 MRP GOLD,25,9850
VICC,VICC BLEACHES GOLD AND DIAMOND,,53%
VLCC,VLCC PAPAYA KIT 329 MRP,329,58%
STREAX,STREAX SERUM 149,149,39%
STREAX,STREAX SERUM 340 MRP,340,40%
STREAX,STREAX GOLD 140,140,28%
LIVON,LIVON 350 SERUM,350,56%
GARNIER,GARNIER SERUM 199,199,27.50%
GARNIER,GARNIER SERUM 299 MRP OFFER F WASH,299,26%
PARK AVENUE,BER SHAMPOO 199,199,46%
DOVE,DOVE COND 285,285,51%
DOVE,03 KITS,,36%
CLOSEUP,CLOSE 150 GM 140 MRP,140,37%
CLOSEUP,CLOSE 270 MRP 300 GM,270,42%
CLOSEUP,CLOSE 80 GM 72 MRP,72,30%
HIMALYA,HIM LIP BALM 20 MRP,20,27%
PEARS,PEARS SOAP 95 MRP BLUE,95,39%
GARNIER,GAR MEN F WASH 115 MRP ACNO / OIL,115,29%
GARNIER,GAR DOUBLE ACTION 129,129,29%
GARNIER,GAR MEN 299 ACNO F WASH,299,40%
GARNIER,GAR DOUBLE ACTION 319 MRP,319,40%
GARNIER,GAR LITE 115 MRP F WASH,115,29.50%
GARNIER,GAR COLOR 99 MRP 4/3/3:16,99,27%
GARNIER,GAR COLOR 229 MRP,229,30%
GARNIER,GAR COLOR 45 MRP POUCH,45,26%
CASTING,CASTING ALL SHADES 249 MRP,249,22%
CASTING,CASTING 400 NUMBER 729,729,430
LOREAL,LOREAL SHAMPOO 219 MRP,219,26%
MATRIX,MATRIX SHAMPOO SMALL/LARGE/COND / SERUM,,30%
ALL OUT,ALL OUT 6 PC 485 MRP,485,31%
HIT,HIT 425 RED,425,25%
HIT,HIT BLACK 300,300,15%
HIT,HIT 180,180,13%
GODREJ,GODREJ AERO GEL 99 MRP CAR,99,29%
GODREJ,GODREJ AIR POCKET 60 MRP (LEMON),60,30%
VASELINE,VAS HEALTHY WHITE 105 MRP,105,30%
VASELINE,VAS COCO PUMP 565 MRP,565,52%
VASELINE,VAS COCO 249 MRP 200 ML,249,41%
VASELINE,VAS YELLOW PUMP 515 MRP,515,204
VASELINE,VAS YELOOW 200 ML 249 MRP,249,
VASELINE,VAS YELLOW 100 ML 90 MRP,90,27%
VASELINE,VAS COCO 100M 105 MRP,105,27%
VASELINE,VASELINE LIP CARE 49 MRP,49,36%
PURE,PURE ROOM SPRAY 169,169,57%
ODONIL,ODONIL TOOM 169 MRP,169,59%
WILD STONE,WILD STONE DEO 249 NEW MRP,249,50%
ENGAGE,ENGAGE POCKET MEN 65 MRP,65,47%
ENGAGE,ENGAGE LADIES,,39
DENVER,DENVER DEO MINI,,42
FOGG,FOGG DEO 225,225,34%
EVA,EVA DEO MINI 70,70,31%
EVA,EVA DEO 200,200,41%
ENVY,ENVY 349 PERFUME,349,52%
ENVY,ENVY 199,199,52%
ENVY,ENVY 1000 DEO ALL COLORS 225 MRP,225,45%
KS,KS DEO,,93
GOOD MOR,GOOD MOR DEO,,105
KS,KS POCKER,,32
PARK AVENUE,VOYAGE POCKET-70 MRP,70,33
CETAPHIL,CETAPHIL 429 CO PACK,429,29.50%
CETAPHIL,CETAPHIL 699 OIL F WASH,699,29.50%
CETAPHIL,CETAPHIL 699 MOST CREAM CO POACK,699,29.50%
CETAPHIL,CETAPHIL MOST LOTION 620,620,29.50%
CETAPHIL,CETAPHIL MOST CREAM 699 ONLINE,699,31%
CETAPHIL,CETAPHIL 429 F WASH,429,30%
FUSION,FUSION 10 PC 2835,2835,36%
FUSION,FUSION 6 PC 1722 MRP,1722,0.41
MACH,MACH 3 16 PC PACKING BLADE 2100 MRP,2100,35.50%
MACH,MACH 3 4 BLADE COMBI 799,799,22%
PRESTO,PRESTO,,11225
GARNIER,GARNIER SHEET MASK 115 MRP,115,41%
LOREAL,LOREAL COND 279 MRP,279,36%